iaH3dKZZ-image.jpg,138,14,766,942,aadhaar
iCLSAkXN-image.jpg,14,507,938,1131,aadhaar
rwfy0tXg-image.jpg,111,79,974,847,aadhaar
JPEkOhZH-image.jpg,319,239,670,718,generic
UQlp68Xl-image.jpg,15,222,943,810,pan_card
OHvJcN4V-image.jpg,14,14,959,1279,no_id
lyy1tkqd-image.jpg,234,46,1119,651,aadhaar
ao4uXBZS-image.jpg,26,286,911,846,pan_card
y65jqfGR-image.jpg,14,219,959,879,aadhaar
ZxzIGufY-image.jpg,206,251,555,734,aadhaar
N2SCvKoq-image.jpg,10,431,605,815,aadhaar
ho0scrD2-image.jpg,46,427,926,1071,aadhaar
rljgWlML-image.jpg,63,270,843,799,aadhaar
nSOg9Fbi-image.jpg,10,394,958,1006,aadhaar
uVpmSRWK-image.jpg,58,507,922,1083,pan_card
YU8Ft8Jj-image.jpg,107,14,863,1066,aadhaar
YrEjJSax-image.jpg,14,382,958,991,aadhaar
hB7iUbHu-image.jpg,11,11,1211,959,aadhaar
tjivCMfS-image.jpg,59,267,959,879,aadhaar
iYMDkmVe-image.jpg,14,139,599,543,driving_licence
F9A8vCXr-image.jpg,47,14,911,942,aadhaar
SAT4tE66-image.jpg,78,202,794,1146,voter_id
3SZUjR6Z-image.jpg,111,10,923,1263,aadhaar
pgGaRsoZ-image.jpg,15,11,599,795,no_id
NkfQDMaA-image.jpg,170,74,798,1051,voter_id
GD0liGNj-image.jpg,14,287,959,954,aadhaar
rzux9VkU-image.jpg,47,478,907,1050,aadhaar
GDItplqp-image.jpg,10,59,847,622,driving_licence
CFsD6eWL-image.jpg,234,510,815,954,aadhaar
EWS5nNnk-image.jpg,10,10,938,826,aadhaar
afwir375-image.jpg,11,11,587,442,no_id
b2zVBReV-image.jpg,10,10,959,1002,aadhaar
s2ZbdAKM-image.jpg,14,250,603,1082,aadhaar
819d79FZ-image.jpg,1,334,719,863,aadhaar
0rHR8gGP-image.jpg,10,314,923,923,pan_card
ydRwRILV-image.jpg,10,139,959,1279,no_id
wGpw3KXq-image.jpg,10,90,859,651,driving_licence
CZH2H454-image.jpg,187,107,767,1034,voter_id
KDnXX64q-image.jpg,106,30,542,331,aadhaar
qk15c5t3-image.jpg,186,363,698,1166,generic
x7PrmXZZ-image.jpg,78,446,810,959,aadhaar
N3DmEvCh-image.jpg,10,58,959,1279,no_id
k6ePEdZY-image.jpg,46,442,959,1038,driving_licence
rswE5GYJ-image.jpg,219,107,958,1210,aadhaar
OXpIfu1S-image.jpg,14,287,717,783,driving_licence
58sV3XQU-image.jpg,139,171,1279,959,aadhaar
eIB9xVR9-image.jpg,94,447,907,938,driving_licence
REygtmCP-image.jpg,15,378,959,959,driving_licence
bjlczKWU-image.jpg,14,155,730,1130,voter_id
e4D6BqDs-image.jpg,91,270,746,1262,generic
fpFXhPBR-image.jpg,127,110,650,954,voter_id
fpFXhPBR-image.jpg,702,110,1246,926,generic
lWDGvsrS-image.jpg,111,507,846,986,aadhaar
6Jspf7SV-image.jpg,314,175,1150,714,aadhaar
VEof3R1y-image.jpg,43,555,719,1023,aadhaar
TymnNivg-image.jpg,74,510,959,1086,driving_licence
AncgoNkG-image.jpg,251,62,1182,766,voter_id
qazh2kw2-image.jpg,15,395,910,1055,driving_licence
ycrOzomk-image.jpg,10,395,621,863,driving_licence
FEb2OPVp-image.jpg,30,459,959,1066,driving_licence
ZWkqFrBk-image.jpg,174,11,415,331,aadhaar
2wdf74oo-image.jpg,127,11,1070,731,voter_id
fqIYGgFa-image.jpg,91,111,815,1214,driving_licence
CiIERHlj-image.jpg,14,411,621,878,driving_licence
WRtUl3CU-image.jpg,235,638,859,1018,aadhaar
e6Y4iklF-image.jpg,46,139,762,1279,aadhaar
Npp5BzAi-image.jpg,58,250,603,1102,voter_id
6DrAsIvU-image.jpg,79,283,894,827,driving_licence
YtTqUSTQ-image.jpg,90,475,890,990,driving_licence
x6g1LL6d-image.jpg,10,10,859,1279,driving_licence
kMlGDpSy-image.jpg,14,411,874,943,driving_licence
Pr3iRIss-image.jpg,10,14,959,1279,no_id
38nEABPP-image.jpg,10,383,959,1023,driving_licence
EGFqyryz-image.jpg,30,474,762,927,pan_card
G8yRenv7-image.jpg,78,331,574,1103,aadhaar
F6yOu85b-image.jpg,91,106,858,1182,aadhaar
3HhQ1B8u-image.jpg,58,491,927,1034,pan_card
10Sfki8g-image.jpg,10,235,449,638,aadhaar
USwtPBSa-image.jpg,74,47,1135,783,aadhaar
wuN7xNT1-image.jpg,159,751,762,1166,driving_licence
KMAMsqq1-image.jpg,94,415,938,971,aadhaar
l5k1hkLf-image.jpg,10,347,938,959,aadhaar
dJRVcVAK-image.jpg,238,283,666,986,voter_id
flqGDxVx-image.jpg,30,94,959,1247,aadhaar
8TfCic0e-image.jpg,10,238,587,618,driving_licence
6LEvc8lQ-image.jpg,47,171,799,1195,aadhaar
rPDibIEX-image.jpg,30,347,715,795,aadhaar
cN8qOnHZ-image.jpg,10,362,894,943,aadhaar
vIjGkuqQ-image.jpg,155,15,670,1246,aadhaar
3YYjKFSr-image.jpg,91,462,874,1162,aadhaar
rfMlNVqu-image.jpg,11,399,527,747,driving_licence
UCteFR8H-image.jpg,30,266,683,682,aadhaar
JlyxgYGT-image.jpg,59,350,959,943,pan_card
B7XDjQsK-image.jpg,475,254,1135,799,pan_card
yfOsyQA8-image.jpg,94,26,618,1279,aadhaar
sMjUYRe4-image.jpg,10,378,955,1022,driving_licence
9879zNLi-image.jpg,11,14,959,1070,aadhaar
ns85WOHz-image.jpg,11,58,442,363,voter_id
1RAvy6iV-image.jpg,31,59,1243,878,aadhaar
L6tCZmce-image.jpg,46,522,862,1034,driving_licence
JuUTQH16-image.jpg,10,366,958,958,pan_card
jRFRxFGv-image.jpg,10,394,878,975,aadhaar
bAukZaMN-image.jpg,10,14,959,1115,aadhaar
6pMTU7k1-image.jpg,270,315,1166,875,aadhaar
OcIL1rxX-image.jpg,510,10,843,538,pan_card
YVKM7RJP-image.jpg,1,446,639,846,driving_licence
WDXpG29k-image.jpg,43,11,330,447,aadhaar
Iovi5h0f-image.jpg,79,475,922,1082,driving_licence
XR5U7dqI-image.jpg,46,506,843,1082,aadhaar
wHHp4Cmd-image.jpg,10,458,959,1274,aadhaar
T4naiFOb-image.jpg,10,462,927,1099,aadhaar
6HLI10Kc-image.jpg,14,142,1279,954,aadhaar
WJNTvRTd-image.jpg,10,314,890,875,aadhaar
nLhrylR6-image.jpg,282,46,1279,827,passport
ZHZ3qiHL-image.jpg,270,142,958,1018,aadhaar
SjdV6l3P-image.jpg,122,11,794,1279,aadhaar
Ie8ihzZW-image.jpg,111,107,942,1162,aadhaar
OXl109Tk-image.jpg,10,430,958,1211,aadhaar
xorL7YE9-image.jpg,79,138,814,1243,voter_id
c31RtrtW-image.jpg,10,303,927,987,aadhaar
9llH49MM-image.jpg,59,14,1083,686,voter_id
CuSIhp8k-image.jpg,95,15,426,542,voter_id
4HLoMhJe-image.jpg,74,394,426,942,generic
4HLoMhJe-image.jpg,475,591,959,1007,driving_licence
M3WhK8YW-image.jpg,234,219,843,1099,voter_id
zpskNPS1-image.jpg,430,158,958,491,generic
zpskNPS1-image.jpg,331,490,715,955,driving_licence
d0t80K6Y-image.jpg,10,458,959,1103,aadhaar
0p4UKhXx-image.jpg,43,474,605,846,aadhaar
6u8jJboh-image.jpg,426,110,890,810,aadhaar
rXYeOBgc-image.jpg,190,138,895,1215,aadhaar
7aD0Skc1-image.jpg,10,43,863,619,generic
7aD0Skc1-image.jpg,10,603,859,1166,driving_licence
6XRObmZ6-image.jpg,27,571,603,959,aadhaar
iZEUMs0K-image.jpg,10,283,446,634,aadhaar
iLC8dj3J-image.jpg,222,206,747,1038,voter_id
1eV7kIP6-image.jpg,11,623,847,1199,aadhaar
dbOt52Zd-image.jpg,111,351,623,1211,voter_id
D0BjNnma-image.jpg,14,203,599,623,aadhaar
0mHa6O9D-image.jpg,10,426,938,1034,aadhaar
2tSLaz87-image.jpg,30,554,859,1083,driving_licence
BkqBZA34-image.jpg,63,43,890,1274,driving_licence
go0sfcNF-image.jpg,158,267,650,1098,voter_id
tznI6kIF-image.jpg,14,10,336,599,aadhaar
SmImIhhR-image.jpg,30,110,1067,783,voter_id
rIEq9OvV-image.jpg,138,399,826,863,pan_card
dFUxnONb-image.jpg,206,10,826,987,aadhaar
IMer12TY-image.jpg,10,538,715,1050,aadhaar
AMcwsr8e-image.jpg,174,878,767,1278,driving_licence
AMcwsr8e-image.jpg,203,491,799,890,aadhaar
AMcwsr8e-image.jpg,159,106,750,506,generic
DEQrxLdb-image.jpg,351,26,971,959,pan_card
XTiYn9Zl-image.jpg,287,11,847,1038,aadhaar
0AlZx0YI-image.jpg,90,399,894,923,pan_card
TMzkfHNm-image.jpg,11,394,605,783,aadhaar
UHHafgjC-image.jpg,78,507,891,1051,aadhaar
bbTMnsvf-image.jpg,207,43,1067,719,driving_licence
aqr8iSIt-image.jpg,126,30,443,522,voter_id
uwMlkCpy-image.jpg,10,143,602,1103,driving_licence
syK3yutj-image.jpg,10,254,635,830,aadhaar
WwZq5mIQ-image.jpg,15,15,846,538,driving_licence
b4psG7ci-image.jpg,158,127,603,1102,aadhaar
zGpRLBGp-image.jpg,10,315,959,938,aadhaar
uK6YCUt8-image.jpg,15,363,911,1050,aadhaar
Lx9iCv9R-image.jpg,10,443,959,1083,driving_licence
Iyrn5ycT-image.jpg,91,446,846,974,aadhaar
S87mSUDm-image.jpg,79,191,1163,926,aadhaar
MYwJdcgc-image.jpg,27,475,895,1083,aadhaar
7TMTGvAD-image.jpg,75,202,863,879,aadhaar
q8VH6Q1C-image.jpg,315,314,826,1183,voter_id
qsh2k80L-image.jpg,190,218,719,1054,voter_id
yUPrZ5at-image.jpg,59,474,714,894,driving_licence
nWLYNXnB-image.jpg,410,74,975,875,pan_card
MXPQEy3O-image.jpg,463,59,1007,874,pan_card
9tGcDIoB-image.jpg,79,15,890,1087,aadhaar
OY2ojHht-image.jpg,122,14,1130,605,driving_licence
T6QCW2al-image.jpg,10,155,619,1055,aadhaar
h3o4uSXm-image.jpg,90,74,783,1258,voter_id
jlk8v9UM-image.jpg,219,94,1070,655,driving_licence
F4tvCwNN-image.jpg,11,186,299,382,aadhaar
